coral.ID,site,file.name,Species,month,series ,scale,units,sex,stage,length,width,Notes1,Notes2
POC-482-20221017,forereef,POC-482-Oct2022-1-testsample.vsi,Pocillopora,October,14,3.6529,microns,female,3,71.833,55.9,,
POC-482-20221017,forereef,POC-482-Oct2022-1-testsample.vsi,Pocillopora,October,14,3.6529,microns,female,3,60.866,46.903,,
POC-482-20221017,forereef,POC-482-Oct2022-1-testsample.vsi,Pocillopora,October,14,3.6529,microns,female,3,52.28,46.768,,
POC-482-20221017,forereef,POC-482-Oct2022-1-testsample.vsi,Pocillopora,October,14,3.6529,microns,female,3,71.773,44.937,,
POC-482-20221017,forereef,POC-482-Oct2022-1-testsample.vsi,Pocillopora,October,14,3.6529,microns,female,3,70.693,45.701,,
POC-482-20221017,forereef,POC-482-Oct2022-1-testsample.vsi,Pocillopora,October,14,3.6529,microns,female,3,62.227,53.962,,
POC-482-20221017,forereef,POC-482-Oct2022-1-testsample.vsi,Pocillopora,October,14,3.6529,microns,female,3,63.522,55.835,,
POC-482-20221017,forereef,POC-482-Oct2022-1-testsample.vsi,Pocillopora,October,14,3.6529,microns,male,1,33.619,26.22,,
POC-482-20221017,forereef,POC-482-Oct2022-1-testsample.vsi,Pocillopora,October,14,3.6529,microns,male,2,90.145,71.251,,
POC-482-20221017,forereef,POC-482-Oct2022-1-testsample.vsi,Pocillopora,October,14,3.6529,microns,male,2,96.12,52.891,,
POC-481-20220812,forereef,POC-481-Aug2022-1-testsample.vsi,Pocillopora,August,14,3.6529,microns,NA,NA,NA,NA,,
POC-483-20221116,forereef,POC-483-November2022-2-testsample.vsi,Pocillopora,November,14,3.6529,microns,female,3,85.006,66.3335,,
POC-483-20221116,forereef,POC-483-November2022-2-testsample.vsi,Pocillopora,November,14,3.6529,microns,female,3,95.326,64.57,,
POC-483-20221116,forereef,POC-483-November2022-2-testsample.vsi,Pocillopora,November,14,3.6529,microns,female,3,111.923,45.451,,
POC-483-20221116,forereef,POC-483-November2022-2-testsample.vsi,Pocillopora,November,14,3.6529,microns,male,2,101.653,97.306,,
POC-483-20221116,forereef,POC-483-November2022-2-testsample.vsi,Pocillopora,November,14,3.6529,microns,male,2,140.41,108.079,,
POC-483-20221116,forereef,POC-483-November2022-2-testsample.vsi,Pocillopora,November,14,3.6529,microns,male,2,249.221,59.027,,
POC-483-20221116,forereef,POC-483-November2022-2-testsample.vsi,Pocillopora,November,14,3.6529,microns,male,3,295.887,173.913,,
POC-483-20221116,forereef,POC-483-November2022-2-testsample.vsi,Pocillopora,November,14,3.6529,microns,male,3,157.228,139.149,,
POC-483-20221116,forereef,POC-483-November2022-2-testsample.vsi,Pocillopora,November,14,3.6529,microns,male,3,209.24,141.351,,
POC-473-20220126,backreef,POC-473_LAG_20220126.vsi,Pocillopora,January,"14, 21",3.6529,microns,NA,NA,NA,NA,,
POC-477-20220812,forereef,POC477_FOR_20220812_2.vsi,Pocillopora,August,"14, 21",3.6529,microns,male,1,15.711,15.615,,
POC-477-20220813,forereef,POC477_FOR_20220812_2.vsi,Pocillopora,August,"14, 21",3.6529,microns,male,1,13.393,11.345,,
POC-477-20220814,forereef,POC477_FOR_20220812_2.vsi,Pocillopora,August,"14, 21",3.6529,microns,male,1,21.42,12.762,,
POC-477-20220815,forereef,POC477_FOR_20220812_2.vsi,Pocillopora,August,"14, 21",3.6529,microns,male,1,26.964,16.631,,
POC-477-20220930,forereef,POC477_FOR_20220930_1.vsi,Pocillopora,September,14,3.6529,microns,female,1,16.627,10.461,,
POC-477-20220930,forereef,POC477_FOR_20220930_1.vsi,Pocillopora,September,14,3.6529,microns,female,1,15.1,8.846,,
POC-477-20220930,forereef,POC477_FOR_20220930_1.vsi,Pocillopora,September,14,3.6529,microns,female,2,28.012,18.547,,
POC-477-20220930,forereef,POC477_FOR_20220930_1.vsi,Pocillopora,September,14,3.6529,microns,female,2,26.731,18.528,,
POC-477-20220930,forereef,POC477_FOR_20220930_1.vsi,Pocillopora,September,14,3.6529,microns,female,2,22.928,13.244,,
POC-477-20220930,forereef,POC477_FOR_20220930_1.vsi,Pocillopora,September,14,3.6529,microns,female,3,48.736,31.213,,
POC-477-20220930,forereef,POC477_FOR_20220930_1.vsi,Pocillopora,September,14,3.6529,microns,female,3,41.648,26.692,,
POC-477-20220930,forereef,POC477_FOR_20220930_1.vsi,Pocillopora,September,14,3.6529,microns,female,3,50.927,42.754,,
POC-477-20221017,forereef,POC_477_FOR_20221017_1.vsi,Pocillopora,October,14,3.6529,microns,female,2,29.042,19.19,,
POC-477-20221017,forereef,POC_477_FOR_20221017_1.vsi,Pocillopora,October,14,3.6529,microns,female,3,44.449,47.925,,
POC-477-20221017,forereef,POC_477_FOR_20221017_1.vsi,Pocillopora,October,14,3.6529,microns,female,3,47.925,56.291,,
POC-477-20221017,forereef,POC_477_FOR_20221017_1.vsi,Pocillopora,October,14,3.6529,microns,female,3,36.415,45.748,,
POC-477-20221017,forereef,POC_477_FOR_20221017_1.vsi,Pocillopora,October,14,3.6529,microns,male,2,135.297,59.303,,
POC-477-20221017,forereef,POC_477_FOR_20221017_1.vsi,Pocillopora,October,14,3.6529,microns,male,2,96.634,65.554,,
POC-477-20221017,forereef,POC_477_FOR_20221017_1.vsi,Pocillopora,October,14,3.6529,microns,male,2,124.609,43.614,,
POC-477-20221110,forereef,POC_477_FOR_20221110_1.vsi,Pocillopora,November,14,3.6529,microns,female,3,60.426,44.783,,
POC-477-20221110,forereef,POC_477_FOR_20221110_1.vsi,Pocillopora,November,14,3.6529,microns,female,3,68.13,38.251,,
POC-477-20221110,forereef,POC_477_FOR_20221110_1.vsi,Pocillopora,November,14,3.6529,microns,female,3,59.279,44.689,,
POC-477-20221110,forereef,POC_477_FOR_20221110_1.vsi,Pocillopora,November,14,3.6529,microns,male,2,178.391,121.329,,
POC-477-20221110,forereef,POC_477_FOR_20221110_1.vsi,Pocillopora,November,14,3.6529,microns,male,2,101.633,79.855,,
POC-477-20221110,forereef,POC_477_FOR_20221110_1.vsi,Pocillopora,November,14,3.6529,microns,male,3,187.266,145.719,,
POC-477-20221110,forereef,POC_477_FOR_20221110_1.vsi,Pocillopora,November,14,3.6529,microns,male,3,202.348,125.423,,
POC-477-20221110,forereef,POC_477_FOR_20221110_1.vsi,Pocillopora,November,14,3.6529,microns,male,3,190.251,108.481,,
POC-477-20221110,forereef,POC_477_FOR_20221110_1.vsi,Pocillopora,November,14,3.6529,microns,male,4,260.955,112.165,,
POC-478-20220217,forereef,POC_478_FOR_20220217_1.vsi,Pocillopora,February,14,3.6529,microns,female,2,31.896,22.311,,
POC-478-20220217,forereef,POC_478_FOR_20220217_1.vsi,Pocillopora,February,14,3.6529,microns,female,2,29.022,16.541,,
POC-478-20220217,forereef,POC_478_FOR_20220217_1.vsi,Pocillopora,February,14,3.6529,microns,female,2,22.122,15.992,,
POC-478-20220413,forereef,POC478_FOR_20220413_2.vsi,Pocillopora,April,22,3.6529,microns,NA,NA,NA,NA,,
POC-478-20220517,forereef,POC478_FOR_20220517_2.vsi,Pocillopora,May,22,3.6529,microns,female,1,14.344,7.305,,
POC-478-20220517,forereef,POC478_FOR_20220517_2.vsi,Pocillopora,May,14,3.6529,microns,female,2,36.609,24.77,,
POC-471-20220126,backreef,POC471_LAG_20220126_02.vsi,Pocillopora,January,22,3.6529,microns,NA,NA,NA,NA,,
POC-471-20220215,backreef,POC471_LAG_20220215_1.vsi,Pocillopora,February,22,3.6529,microns,NA,NA,NA,NA,,
POC-471-20220315,backreef,POC471_LAG_20220315_2.vsi,Pocillopora,March,22,3.6529,microns,NA,NA,NA,NA,,
POC-471-20220414,backreef,POC471_LAG_20220414_2.vsi,Pocillopora,April,22,3.6529,microns,NA,NA,NA,NA,,
POC-471-20220515,backreef,POC471_LAG_20220515_2.vsi,Pocillopora,May,22,3.6529,microns,NA,NA,NA,NA,,
POC-471-20220616,backreef,POC471_LAG_20220616_1.vsi,Pocillopora,June,22,3.6529,microns,NA,NA,NA,NA,,
POC-471-20220727,backreef,POC471_LAG_20220727_2.vsi,Pocillopora,July,22,3.6529,microns,NA,NA,NA,NA,,
POC-471-20220811,backreef,POC471_LAG_20220811_2.vsi,Pocillopora,August,22,3.6529,microns,NA,NA,NA,NA,,
POC-471-20220917,backreef,POC471_LAG_20220917_1.vsi,Pocillopora,September,14,3.6529,microns,female,1,13.758,10.332,,
POC-471-20220917,backreef,POC471_LAG_20220917_1.vsi,Pocillopora,September,14,3.6529,microns,female,1,12.244,9.955,,
POC-471-20220917,backreef,POC471_LAG_20220917_1.vsi,Pocillopora,September,14,3.6529,microns,female,1,8.748,6.6667,,
POC-471-20220917,backreef,POC471_LAG_20220917_1.vsi,Pocillopora,September,14,3.6529,microns,female,2,25.919,20.319,,
POC-471-20220917,backreef,POC471_LAG_20220917_1.vsi,Pocillopora,September,14,3.6529,microns,female,2,22.691,14.904,,
POC-471-20220917,backreef,POC471_LAG_20220917_1.vsi,Pocillopora,September,14,3.6529,microns,female,2,16.411,13.408,,
POC-471-20220917,backreef,POC471_LAG_20220917_1.vsi,Pocillopora,September,14,3.6529,microns,female,3,38.988,19.631,,
POC-471-20220917,backreef,POC471_LAG_20220917_1.vsi,Pocillopora,September,14,3.6529,microns,female,3,42.02,17.312,,
POC-471-20220917,backreef,POC471_LAG_20220917_1.vsi,Pocillopora,September,14,3.6529,microns,female,3,41.53,28.411,,
POC-471-20221015,backreef,POC471_LAG_20221015_1.vsi,Pocillopora,October,14,3.6529,microns,female,2,28.854,14.265,,
POC-471-20221015,backreef,POC471_LAG_20221015_1.vsi,Pocillopora,October,14,3.6529,microns,female,2,24.974,22.401,,
POC-471-20221015,backreef,POC471_LAG_20221015_1.vsi,Pocillopora,October,14,3.6529,microns,female,2,31.011,22.392,,
POC-471-20221015,backreef,POC471_LAG_20221015_1.vsi,Pocillopora,October,14,3.6529,microns,male,3,41.292,30.778,,
POC-471-20221015,backreef,POC471_LAG_20221015_1.vsi,Pocillopora,October,14,3.6529,microns,male,3,42.25,25.287,,
POC-471-20221015,backreef,POC471_LAG_20221015_1.vsi,Pocillopora,October,14,3.6529,microns,male,3,43.684,34.093,,
POC-471-20221113,backreef,POC471_LAG_20221113_1.vsi,Pocillopora,November,14,3.6529,microns,female,2,21.183,19.536,,
POC-471-20221113,backreef,POC471_LAG_20221113_1.vsi,Pocillopora,November,14,3.6529,microns,female,2,26.602,18.089,,
POC-471-20221113,backreef,POC471_LAG_20221113_1.vsi,Pocillopora,November,14,3.6529,microns,female,2,29.328,19.988,,
POC-471-20221113,backreef,POC471_LAG_20221113_1.vsi,Pocillopora,November,14,3.6529,microns,female,3,85.599,48.199,,
POC-471-20221113,backreef,POC471_LAG_20221113_1.vsi,Pocillopora,November,14,3.6529,microns,female,3,72.491,54.856,,
POC-471-20221113,backreef,POC471_LAG_20221113_1.vsi,Pocillopora,November,14,3.6529,microns,female,3,79.94,58.053,,
POC-471-20221113,backreef,POC471_LAG_20221113_1.vsi,Pocillopora,November,14,3.6529,microns,male,2,159.928,108.98,,
POC-471-20221113,backreef,POC471_LAG_20221113_1.vsi,Pocillopora,November,14,3.6529,microns,male,2,184.109,87.39,,
POC-471-20221113,backreef,POC471_LAG_20221113_1.vsi,Pocillopora,November,14,3.6529,microns,male,2,136.161,59.728,,
POC-471-20221113,backreef,POC471_LAG_20221113_1.vsi,Pocillopora,November,14,3.6529,microns,male,3,182.583,101.385,,
POC-471-20221113,backreef,POC471_LAG_20221113_1.vsi,Pocillopora,November,14,3.6529,microns,male,3,280.445,89.36,,
POC-471-20221113,backreef,POC471_LAG_20221113_1.vsi,Pocillopora,November,14,3.6529,microns,male,3,273.534,123.518,,
POC-472-20220126,backreef,POC472_LAG_20220126_2.vsi,Pocillopora,January,22,3.6529,microns,NA,NA,NA,NA,,
POC-473-20220215,backreef,POC473_LAG_20220215_2.vsi,Pocillopora,February,22,3.6529,microns,NA,NA,NA,NA,,
POC-473-20220315,backreef,POC473_LAG_20220315_2.vsi,Pocillopora,March,22,3.6529,microns,NA,NA,NA,NA,,
POC-473-20220414,backreef,POC473_LAG_20220414_2.vsi,Pocillopora,April,22,3.6529,microns,NA,NA,NA,NA,,
POC-473-20220515,backreef,POC473_LAG_20220515_2.vsi,Pocillopora,May,22,3.6529,microns,NA,NA,NA,NA,,
POC-473-20220616,backreef,POC473_LAG_20220616_2.vsi,Pocillopora,June,NA,NA,NA,NA,NA,NA,NA,unable to open,
POC-473-20220727,backreef,POC473_LAG_20220727_2.vsi,Pocillopora,July,22,3.6529,microns,NA,NA,NA,NA,,
POC-473-20220811,backreef,POC473_LAG_20220811_2.vsi,Pocillopora,August,22,3.6529,microns,NA,NA,NA,NA,,
POC-473-20220917,backreef,POC473_LAG_20220917_1.vsi,Pocillopora,September,22,3.6529,microns,male,1,84.593,58.075,,
POC-473-20221015,backreef,POC473_LAG_20221015_2.vsi,Pocillopora,October,22,3.6529,microns,NA,NA,NA,NA,,
POC-473-20221111,backreef,POC473_LAG_20221111_2.vsi,Pocillopora,November,22,3.6529,microns,female,2,47.618,26.631,,
POC-473-20221111,backreef,POC473_LAG_20221111_2.vsi,Pocillopora,November,22,3.6529,microns,female,3,47.878,51.403,,
POC-473-20221111,backreef,POC473_LAG_20221111_2.vsi,Pocillopora,November,22,3.6529,microns,female,3,56.573,43.841,,
POC-473-20221111,backreef,POC473_LAG_20221111_2.vsi,Pocillopora,November,22,3.6529,microns,female,3,65.245,52.945,,
POC-473-20221111,backreef,POC473_LAG_20221111_2.vsi,Pocillopora,November,22,3.6529,microns,male,1,52.906,92.052,,
POC-473-20221111,backreef,POC473_LAG_20221111_2.vsi,Pocillopora,November,22,3.6529,microns,male,1,75.662,55.662,,
POC-473-20221111,backreef,POC473_LAG_20221111_2.vsi,Pocillopora,November,22,3.6529,microns,male,1,55.074,52.329,,
POC-473-20221111,backreef,POC473_LAG_20221111_2.vsi,Pocillopora,November,22,3.6529,microns,male,2,173.123,130.414,,
POC-473-20221111,backreef,POC473_LAG_20221111_2.vsi,Pocillopora,November,22,3.6529,microns,male,2,171.721,119.788,,
POC-473-20221111,backreef,POC473_LAG_20221111_2.vsi,Pocillopora,November,22,3.6529,microns,male,2,100.734,103.505,,
POC-474-20220126,backreef,POC474_LAG_20220126_2.vsi,Pocillopora,January,22,3.6529,microns,NA,NA,NA,NA,,
POC-474-20220215,backreef,POC474_LAG_20220215_2.vsi,Pocillopora,February,22,3.6529,microns,male,2,124.865,154.647,,
POC-474-20220215,backreef,POC474_LAG_20220215_2.vsi,Pocillopora,February,22,3.6529,microns,male,2,212.799,118.675,,
POC-474-20220315,backreef,POC474_LAG_20220315_2.vsi,Pocillopora,March,22,3.6529,microns,NA,NA,NA,NA,,
POC-474-20220414,backreef,POC474_LAG_20220414_2.vsi,Pocillopora,April,22,3.6529,microns,NA,NA,NA,NA,,
POC-474-20220515,backreef,POC474_LAG_20220515_2.vsi,Pocillopora,May,22,3.6529,microns,NA,NA,NA,NA,,
POC-474-20220616,backreef,POC474_LAG_20220616_2.vsi,Pocillopora,June,22,3.6529,microns,NA,NA,NA,NA,,
POC-474-20220727,backreef,POC474_LAG_20220727_2.vsi,Pocillopora,July,22,3.6529,microns,NA,NA,NA,NA,,
POC-481-20220729,forereef,POC_481_FOR_20220729_2.vsi,Pocillopora,July,14,3.6529,microns,female,2,43.451,31.411,,
POC-481-20220729,forereef,POC_481_FOR_20220729_2.vsi,Pocillopora,July,14,3.6529,microns,female,2,23.176,19.275,,
POC-481-20220729,forereef,POC_481_FOR_20220729_2.vsi,Pocillopora,July,14,3.6529,microns,female,2,28.83,25.499,,
POC-481-20220729,forereef,POC_481_FOR_20220729_2.vsi,Pocillopora,July,14,3.6529,microns,male,1,25.847,21.986,,
POC-481-20220812,forereef,POC_481_FOR_20220812_2.vsi,Pocillopora,August,22,3.6529,microns,NA,NA,NA,,,
POC-481-20220930,forereef,POC_481_FOR_20220930_2.vsi,Pocillopora,September,14,3.6529,microns,female,2,24.118,15.499,,
POC-481-20220930,forereef,POC_481_FOR_20220930_2.vsi,Pocillopora,September,14,3.6529,microns,female,2,21.337,23.784,,
POC-481-20220930,forereef,POC_481_FOR_20220930_2.vsi,Pocillopora,September,14,3.6529,microns,female,3,42.687,35.923,,
POC-481-20220930,forereef,POC_481_FOR_20220930_2.vsi,Pocillopora,September,14,3.6529,microns,female,3,41.005,36.332,,
POC-481-20220930,forereef,POC_481_FOR_20220930_2.vsi,Pocillopora,September,14,3.6529,microns,female,3,59.047,33.488,,
POC-481-20220930,forereef,POC_481_FOR_20220930_2.vsi,Pocillopora,September,14,3.6529,microns,male,1,84.124,55.908,,
POC-481-20220930,forereef,POC_481_FOR_20220930_2.vsi,Pocillopora,September,14,3.6529,microns,male,1,44.558,33.697,,
POC-481-20220930,forereef,POC_481_FOR_20220930_2.vsi,Pocillopora,September,14,3.6529,microns,male,1,39.127,45.206,,
POC-481-20220930,forereef,POC_481_FOR_20220930_2.vsi,Pocillopora,September,14,3.6529,microns,male,2,137.483,45.845,,
POC-481-20220930,forereef,POC_481_FOR_20220930_2.vsi,Pocillopora,September,14,3.6529,microns,male,2,161.795,65.059,,
POC-481-20220930,forereef,POC_481_FOR_20220930_2.vsi,Pocillopora,September,14,3.6529,microns,male,2,114.55,29.504,,
POC-481-20221017,forereef,POC_481_FOR_20221017_2.vsi,Pocillopora,October,22,3.6529,microns,NA,NA,NA,NA,,
POC-481-20221110,forereef,20221110_POC481_FOR_02.vsi,Pocillopora,November,22,3.6529,microns,female,3,60.564,43.656,,
POC-481-20221110,forereef,20221110_POC481_FOR_02.vsi,Pocillopora,November,22,3.6529,microns,female,3,62.821,36.86,,
POC-481-20221110,forereef,20221110_POC481_FOR_02.vsi,Pocillopora,November,22,3.6529,microns,female,3,55.369,35.049,,
POC-481-20221110,forereef,20221110_POC481_FOR_02.vsi,Pocillopora,November,22,3.6529,microns,male,2,72.015,82.893,,
POC-481-20221110,forereef,20221110_POC481_FOR_02.vsi,Pocillopora,November,22,3.6529,microns,male,2,110.042,46.419,,
POC-481-20221110,forereef,20221110_POC481_FOR_02.vsi,Pocillopora,November,22,3.6529,microns,male,2,93.967,54.553,,
POC-481-20221110,forereef,20221110_POC481_FOR_02.vsi,Pocillopora,November,22,3.6529,microns,male,3,140.612,120.985,,
POC-481-20221110,forereef,20221110_POC481_FOR_02.vsi,Pocillopora,November,22,3.6529,microns,male,3,144.749,127.677,,
POC-481-20221110,forereef,20221110_POC481_FOR_02.vsi,Pocillopora,November,22,3.6529,microns,male,3,186.161,72.413,,
POC-475-20220126,backreef,20220126_POC475_LAG_02.vsi,Pocillopora,January,22,3.6529,microns,NA,NA,NA,NA,,
POC-479-20220217,forereef,20220217_POC479_FOR_02.vsi,Pocillopora,February,22,3.6529,microns,NA,NA,NA,NA,,
POC-480-20220217,forereef,20220217_POC480_FOR_02.vsi,Pocillopora,February,14,3.6529,microns,female,1,17.65,10.708,,
POC-480-20220217,forereef,20220217_POC480_FOR_02.vsi,Pocillopora,February,14,3.6529,microns,female,1,12.913,13.052,,
POC-480-20220217,forereef,20220217_POC480_FOR_02.vsi,Pocillopora,February,14,3.6529,microns,female,1,12.605,9.794,,
POC-480-20220217,forereef,20220217_POC480_FOR_02.vsi,Pocillopora,February,14,3.6529,microns,female,2,27.546,25.729,,
POC-480-20220217,forereef,20220217_POC480_FOR_02.vsi,Pocillopora,February,14,3.6529,microns,female,2,25.489,19.839,,
POC-480-20220217,forereef,20220217_POC480_FOR_02.vsi,Pocillopora,February,14,3.6529,microns,female,2,35.756,33.79,,
POC-475-20220315,backreef,20220315_POC475_FOR_02.vsi,Pocillopora,March,22,3.6529,microns,NA,NA,NA,NA,,
POC-478-20220316,forereef,20220316_POC478_FOR_02.vsi,Pocillopora,March,22,3.6529,microns,NA,NA,NA,NA,,
POC-479-20220316,forereef,20220316_POC479_FOR_02.vsi,Pocillopora,March,22,3.6529,microns,NA,NA,NA,NA,,
POC-480-20220316,forereef,20220316_POC480_FOR_02.vsi,Pocillopora,March,22,3.6529,microns,NA,NA,NA,NA,,
POC-480-20220413,forereef,20220413_POC480_FOR_02.vsi,Pocillopora,April,22,3.6529,microns,NA,NA,NA,NA,,
POC-475-20220414,backreef,20220414_POC475_LAG_02.vsi,Pocillopora,April,22,3.6529,microns,NA,NA,NA,NA,,
POC-475-20220515,backreef,20220515_POC475_LAG_02.vsi,Pocillopora,May,22,3.6529,microns,NA,NA,NA,NA,,
POC-475-20220517,backreef,20220517_POC475_LAG_02.vsi,Pocillopora,May,22,3.6529,microns,NA,NA,NA,NA,,
POC-477-20220617,forereef,20220617_POC477_FOR_02.vsi,Pocillopora,June,22,3.6529,microns,NA,NA,NA,NA,,
POC-478-20220617,forereef,20220617_POC478_FOR_02.vsi,Pocillopora,June,22,3.6529,microns,NA,NA,NA,NA,,
POC-480-20220617,forereef,20220617_POC478_FOR_02.vsi,Pocillopora,June,22,3.6529,microns,NA,NA,NA,NA,,
POC-478-20220729,forereef,20220724_POC478_FOR_02.vsi,Pocillopora,July,22,3.6529,microns,NA,NA,NA,NA,,
POC-479-20220729,forereef,20220729_POC479_FOR_02.vsi,Pocillopora,July,22,3.6529,microns,female,2,26.628,14.132,,
POC-479-20220729,forereef,20220729_POC479_FOR_02.vsi,Pocillopora,July,22,3.6529,microns,female,2,19.615,12.734,,
POC-479-20220729,forereef,20220729_POC479_FOR_02.vsi,Pocillopora,July,22,3.6529,microns,female,2,34.367,17.808,,
POC-480-20220729,forereef,20220729_POC480_FOR_01.vsi,Pocillopora,July,22,3.6529,microns,NA,NA,NA,NA,,
POC-474-20220811,backreef,20220811_POC474_FOR_02.vsi,Pocillopora,August,22,3.6529,microns,female,2,14.596,16.042,,
POC-474-20220811,backreef,20220811_POC474_FOR_02.vsi,Pocillopora,August,22,3.6529,microns,female,2,13.042,11.424,,
POC-474-20220811,backreef,20220811_POC474_FOR_02.vsi,Pocillopora,August,22,3.6529,microns,female,2,15.55,14.134,,
POC-474-20220811,backreef,20220811_POC474_FOR_02.vsi,Pocillopora,August,22,3.6529,microns,female,3,38.001,18.842,,
POC-474-20220811,backreef,20220811_POC474_FOR_02.vsi,Pocillopora,August,22,3.6529,microns,female,3,36.762,22.718,,
POC-474-20220811,backreef,20220811_POC474_FOR_02.vsi,Pocillopora,August,22,3.6529,microns,female,3,41.667,41.068,,
POC-474-20220811,backreef,20220811_POC474_FOR_02.vsi,Pocillopora,August,22,3.6529,microns,male,2,57.901,27.117,,
POC-474-20220811,backreef,20220811_POC474_FOR_02.vsi,Pocillopora,August,22,3.6529,microns,male,2,57.139,23.534,,
POC-479-20220812,forereef,20220812_POC479_FOR_02.vsi,Pocillopora,August,22,3.6529,microns,NA,NA,NA,NA,,
POC-480-20220812,forereef,20220812_POC480_FOR_02.vsi,Pocillopora,August,22,3.6529,microns,female,2,28.888,17.064,,
POC-480-20220812,forereef,20220812_POC480_FOR_02.vsi,Pocillopora,August,22,3.6529,microns,female,2,29.081,22.944,,
POC-480-20220812,forereef,20220812_POC480_FOR_02.vsi,Pocillopora,August,22,3.6529,microns,female,2,22.272,18.99,,
POC-475-202220917,backreef,20220917_POC475_FOR_01.vsi,Pocillopora,September,22,3.6529,microns,NA,NA,NA,NA,,
POC-478-20220930,forereef,20220930_POC478_FOR_01.vsi,Pocillopora,September,22,3.6529,microns,female,1,14.134,12.684,,
POC-478-20220930,forereef,20220930_POC478_FOR_01.vsi,Pocillopora,September,22,3.6529,microns,female,1,8.788,9.025,,
POC-478-20220930,forereef,20220930_POC478_FOR_01.vsi,Pocillopora,September,22,3.6529,microns,female,1,13.602,11.818,,
POC-478-20220930,forereef,20220930_POC478_FOR_01.vsi,Pocillopora,September,22,3.6529,microns,female,2,31.814,24.157,,
POC-478-20220930,forereef,20220930_POC478_FOR_01.vsi,Pocillopora,September,22,3.6529,microns,female,2,32.586,20.853,,
POC-478-20220930,forereef,20220930_POC478_FOR_01.vsi,Pocillopora,September,22,3.6529,microns,female,2,34.639,16.148,,
POC-478-20220930,forereef,20220930_POC478_FOR_01.vsi,Pocillopora,September,22,3.6529,microns,female,3,52.932,31.301,,
POC-478-20220930,forereef,20220930_POC478_FOR_01.vsi,Pocillopora,September,22,3.6529,microns,male,1,61.094,36.709,,
POC-478-20220930,forereef,20220930_POC478_FOR_01.vsi,Pocillopora,September,22,3.6529,microns,male,1,68.229,36.966,,
POC-478-20220930,forereef,20220930_POC478_FOR_01.vsi,Pocillopora,September,22,3.6529,microns,male,1,96.225,65.079,,
POC-478-20220930,forereef,20220930_POC478_FOR_01.vsi,Pocillopora,September,22,3.6529,microns,male,2,92.859,47.846,,
POC-479-20220930,forereef,20220930_POC479_FOR_02.vsi,Pocillopora,September,14,3.6529,microns,female,2,21.867,16.369,,
POC-479-20220930,forereef,20220930_POC479_FOR_02.vsi,Pocillopora,September,14,3.6529,microns,female,2,29.848,19.994,,
POC-479-20220930,forereef,20220930_POC479_FOR_02.vsi,Pocillopora,September,14,3.6529,microns,female,2,20.877,14.39,,
POC-479-20220930,forereef,20220930_POC479_FOR_02.vsi,Pocillopora,September,14,3.6529,microns,female,3,50.416,48.438,,
POC-479-20220930,forereef,20220930_POC479_FOR_02.vsi,Pocillopora,September,14,3.6529,microns,female,3,44.444,19.945,,
POC-479-20220930,forereef,20220930_POC479_FOR_02.vsi,Pocillopora,September,14,3.6529,microns,female,3,49.435,31.848,,
POC-479-20220930,forereef,20220930_POC479_FOR_02.vsi,Pocillopora,September,14,3.6529,microns,male,1,46.049,35.799,,
POC-479-20220930,forereef,20220930_POC479_FOR_02.vsi,Pocillopora,September,14,3.6529,microns,male,1,52.846,34.537,,
POC-479-20220930,forereef,20220930_POC479_FOR_02.vsi,Pocillopora,September,14,3.6529,microns,male,1,46.321,36.733,,
POC-474-20221015,backreef,20221015_POC474_LAG_02.vsi,Pocillopora,October,"45,117,86",3.6529,microns,female,2,22.671,20.562,,
POC-474-20221015,backreef,20221015_POC474_LAG_02.vsi,Pocillopora,October,"45,117,86",3.6529,microns,female,2,15.889,14.247,,
POC-474-20221015,backreef,20221015_POC474_LAG_02.vsi,Pocillopora,October,"45,117,86",3.6529,microns,female,2,16.456,15.035,,
POC-474-20221015,backreef,20221015_POC474_LAG_02.vsi,Pocillopora,October,"45,117,86",3.6529,microns,female,3,84.865,47.802,,
POC-474-20221015,backreef,20221015_POC474_LAG_02.vsi,Pocillopora,October,"45,117,86",3.6529,microns,male,1,47.509,29.976,,
POC-475-20221015,backreef,20221015_POC475_LAG_01.vsi,Pocillopora,October,14,3.6529,microns,male,2,101.384,33.365,,
POC-479-20221017,forereef,20221017_POC479_FOR_01.vsi,Pocillopora,October,14,3.6529,microns,female,3,51.55,36.879,,
POC-479-20221017,forereef,20221017_POC479_FOR_01.vsi,Pocillopora,October,14,3.6529,microns,female,3,44.227,39.425,,
POC-479-20221017,forereef,20221017_POC479_FOR_01.vsi,Pocillopora,October,14,3.6529,microns,female,3,44.348,36.152,,
POC-479-20221017,forereef,20221017_POC479_FOR_01.vsi,Pocillopora,October,14,3.6529,microns,male,1,59.235,49.441,,
POC-479-20221017,forereef,20221017_POC479_FOR_01.vsi,Pocillopora,October,14,3.6529,microns,male,1,65.813,49.823,,
POC-479-20221017,forereef,20221017_POC479_FOR_01.vsi,Pocillopora,October,14,3.6529,microns,male,2,113.37,62.11,,
POC-478-20221017,forereef,20221017_POC478_FOR_01.vsi,Pocillopora,October,14,3.6529,microns,male,1,69.106,35.233,,
POC-478-20221017,forereef,20221017_POC478_FOR_01.vsi,Pocillopora,October,14,3.6529,microns,male,1,67.571,42.904,,
POC-478-20221017,forereef,20221017_POC478_FOR_01.vsi,Pocillopora,October,14,3.6529,microns,male,1,47.271,38.109,,
POC-478-20221017,forereef,20221017_POC478_FOR_01.vsi,Pocillopora,October,14,3.6529,microns,male,2,128.552,32.502,,
POC-478-20221110,forereef,20221104_POC478_FOR_02.vsi,Pocillopora,November,14,3.6529,microns,female,3,68.991,51.694,,
POC-478-20221110,forereef,20221104_POC478_FOR_02.vsi,Pocillopora,November,14,3.6529,microns,female,3,59.137,45.939,,
POC-478-20221110,forereef,20221104_POC478_FOR_02.vsi,Pocillopora,November,14,3.6529,microns,female,3,58.585,45.271,,
POC-478-20221110,forereef,20221104_POC478_FOR_02.vsi,Pocillopora,November,14,3.6529,microns,male,2,104.574,77.955,,
POC-478-20221110,forereef,20221104_POC478_FOR_02.vsi,Pocillopora,November,14,3.6529,microns,male,2,123.703,82.927,,
POC-478-20221110,forereef,20221104_POC478_FOR_02.vsi,Pocillopora,November,14,3.6529,microns,male,2,174.528,52.232,,
POC-479-20221110,forereef,20221104_POC479_FOR_02.vsi,Pocillopora,November,14,3.6529,microns,NA,NA,NA,NA,,
POC-474-20221111,backreef,20221113_POC474_LAG_01.vsi,Pocillopora,November,14,3.6529,microns,female,2,33.265,22.475,,
POC-474-20221111,backreef,20221113_POC474_LAG_01.vsi,Pocillopora,November,14,3.6529,microns,female,2,25.468,19.713,,
POC-474-20221111,backreef,20221113_POC474_LAG_01.vsi,Pocillopora,November,14,3.6529,microns,female,2,25.297,17.763,,
POC-474-20221111,backreef,20221113_POC474_LAG_01.vsi,Pocillopora,November,14,3.6529,microns,female,3,51.412,35.234,,
POC-474-20221111,backreef,20221113_POC474_LAG_01.vsi,Pocillopora,November,14,3.6529,microns,female,3,50.002,41.183,,
POC-474-20221111,backreef,20221113_POC474_LAG_01.vsi,Pocillopora,November,14,3.6529,microns,female,3,55.36,30.475,,
POC-474-20221111,backreef,20221113_POC474_LAG_01.vsi,Pocillopora,November,14,3.6529,microns,male,2,73.491,46.206,,
POC-474-20221111,backreef,20221113_POC474_LAG_01.vsi,Pocillopora,November,14,3.6529,microns,male,2,133.053,50.475,,
POC-474-20221111,backreef,20221113_POC474_LAG_01.vsi,Pocillopora,November,14,3.6529,microns,male,2,80.15,68.763,,
POC-475-20221111,backreef,20221113_POC475_LAG_01.vsi,Pocillopora,November,14,3.6529,microns,NA,NA,NA,NA,,
POC-475-20220215,backreef,20220215_POC475_LAG_1.vsi,Pocillopora,February,14,3.6529,microns,NA,NA,NA,NA,,
POC-477-20220217,backreef,20220217_POC477_FOR_2.vsi,Pocillopora,February,14,3.6529,microns,NA,NA,NA,NA,,
POC-481-20220217,forereef,20220217_POC481_FOR_1.vsi,Pocillopora,February,14,3.6529,microns,NA,NA,NA,NA,,
POC-477-20220316,forereef,20220316_POC477_FOR_2.vsi,Pocillopora,March,22,3.6529,microns,NA,NA,NA,NA,,
POC-481-20220316,forereef,20220316_POC481_FOR_1.vsi,Pocillopora,March,22,3.6529,microns,NA,NA,NA,NA,,
POC-477-20220413,forereef,20220413_POC477_FOR_1.vsi,Pocillopora,April,22,3.6529,microns,NA,NA,NA,NA,,
POC-479-20220413,forereef,20220413_POC479_FOR_2.vsi,Pocillopora,April,22,3.6529,microns,NA,NA,NA,NA,,
POC-481-20220413,forereef,20220413_POC481_FOR_2.vsi,Pocillopora,April,22,3.6529,microns,NA,NA,NA,NA,,
POC-477-20220517,forereef,20220517_POC477_FOR_1.vsi,Pocillopora,May,14,3.6529,microns,female,2,21.579,18.417,,
POC-477-20220517,forereef,20220517_POC477_FOR_1.vsi,Pocillopora,May,14,3.6529,microns,female,2,14.744,16.721,,
POC-479-20220517,forereef,20220517_POC479_FOR_2.vsi,Pocillopora,May,22,3.6529,microns,NA,NA,NA,NA,,
POC-481-20220517,forereef,20220517_POC481_FOR_2.vsi,Pocillopora,May,22,3.6529,microns,NA,NA,NA,NA,,
POC-475-20220616,backreef,20220616_POC475_LAG_1.vsi,Pocillopora,June,22,3.6529,microns,NA,NA,NA,NA,,
POC-479-20220617,forereef,20220617_POC479_FOR_2.vsi,Pocillopora,June,22,3.6529,microns,NA,NA,NA,NA,,
POC-481-20220617,forereef,20220617_POC_20220617_2.vsi,Pocillopora,June,22,3.6529,microns,NA,NA,NA,NA,,
POC-475-20220727,forereef,20220727_POC475_LAG_2.vsi,Pocillopora,July,22,3.6529,microns,female,2,21.332,20.923,,
POC-475-20220727,forereef,20220727_POC475_LAG_2.vsi,Pocillopora,July,22,3.6529,microns,female,2,17.885,13.46,,
POC-475-20220811,backreef,20220811_POC475_LAG_1.vsi,Pocillopora,August,22,3.6529,microns,NA,NA,NA,NA,,
POC-478-20220812,forereef,20220812_POC478_FOR_2.vsi,Pocillopora,August,22,3.6529,microns,NA,NA,NA,NA,,
POC-474-20220917,backreef,20220917_POC474_LAG_1.vsi,Pocillopora,September,22,3.6529,microns,NA,NA,NA,NA,,
POC-480-20220930,forereef,20220930_POC480_FOR_1.vsi,Pocillopora,September,22,3.6529,microns,female,2,25.036,17.402,,
POC-480-20220930,forereef,20220930_POC480_FOR_1.vsi,Pocillopora,September,22,3.6529,microns,female,2,24.808,15.946,,
POC-480-20220930,forereef,20220930_POC480_FOR_1.vsi,Pocillopora,September,22,3.6529,microns,female,2,23.657,15.818,,
POC-480-20220930,forereef,20220930_POC480_FOR_1.vsi,Pocillopora,September,22,3.6529,microns,female,3,38.76,19.935,,
POC-480-20221017,forereef,20221017_POC480_FOR_1.vsi,Pocillopora,October,14,3.6529,microns,female,2,33.973,24.465,,
POC-480-20221017,forereef,20221017_POC480_FOR_1.vsi,Pocillopora,October,14,3.6529,microns,female,2,19.631,18.594,,
POC-480-20221017,forereef,20221017_POC480_FOR_1.vsi,Pocillopora,October,14,3.6529,microns,female,2,25.216,23.232,,
POC-480-20221017,forereef,20221017_POC480_FOR_1.vsi,Pocillopora,October,14,3.6529,microns,female,3,53.169,43.043,,
POC-480-20221017,forereef,20221017_POC480_FOR_1.vsi,Pocillopora,October,14,3.6529,microns,female,3,55.014,43.019,,
POC-480-20221017,forereef,20221017_POC480_FOR_1.vsi,Pocillopora,October,14,3.6529,microns,female,3,47.937,40.56,,
POC-480-20221017,forereef,20221017_POC480_FOR_1.vsi,Pocillopora,October,14,3.6529,microns,male,1,111.535,51.556,,
POC-480-20221017,forereef,20221017_POC480_FOR_1.vsi,Pocillopora,October,14,3.6529,microns,male,1,62.175,49.04,,
POC-480-20221017,forereef,20221017_POC480_FOR_1.vsi,Pocillopora,October,14,3.6529,microns,male,1,77.963,48.746,,
POC-480-20221017,forereef,20221017_POC480_FOR_1.vsi,Pocillopora,October,14,3.6529,microns,male,2,135.255,70.812,,
POC-480-20221017,forereef,20221017_POC480_FOR_1.vsi,Pocillopora,October,14,3.6529,microns,male,2,144.419,66.615,,
POC-480-20221017,forereef,20221017_POC480_FOR_1.vsi,Pocillopora,October,14,3.6529,microns,male,3,207.774,89.861,,
POC-480-20221017,forereef,20221017_POC480_FOR_1.vsi,Pocillopora,October,14,3.6529,microns,male,3,165.999,60.893,,
POC-480-20221017,forereef,20221017_POC480_FOR_1.vsi,Pocillopora,October,14,3.6529,microns,male,3,208.302,56.832,,
POC-480-20221110,forereef,20221104_POC480_20221104_FOR_1.vsi,Pocillopora,November,14,3.6529,microns,female,3,61.879,46.805,file labelled incorrectly,
POC-480-20221110,forereef,20221104_POC480_20221104_FOR_1.vsi,Pocillopora,November,14,3.6529,microns,female,3,55.662,39.733,,
POC-480-20221110,forereef,20221104_POC480_20221104_FOR_1.vsi,Pocillopora,November,14,3.6529,microns,female,3,52.408,40.391,,
POC-480-20221110,forereef,20221104_POC480_20221104_FOR_1.vsi,Pocillopora,November,14,3.6529,microns,male,2,118.238,88.859,,
POC-480-20221110,forereef,20221104_POC480_20221104_FOR_1.vsi,Pocillopora,November,14,3.6529,microns,male,2,149.465,85.506,,
POC-480-20221110,forereef,20221104_POC480_20221104_FOR_1.vsi,Pocillopora,November,14,3.6529,microns,male,2,134.434,59.423,,
POC-480-20221110,forereef,20221104_POC480_20221104_FOR_1.vsi,Pocillopora,November,14,3.6529,microns,male,3,187.525,98.862,,
POC-480-20221110,forereef,20221104_POC480_20221104_FOR_1.vsi,Pocillopora,November,14,3.6529,microns,male,3,290.456,82.654,,
POC-480-20221110,forereef,20221104_POC480_20221104_FOR_1.vsi,Pocillopora,November,14,3.6529,microns,male,3,201.302,106.771,,
POC-480-20220517,forereef,20220517_POC480_FOR_02.vsi,Pocillopora,May,22,3.6529,microns,NA,NA,NA,NA,,
POC-472-20220126,backreef,POC_472_LAG_20220126_2.vsi,Pocillopora,January,22,3.6529,microns,NA,NA,NA,NA,,
POC-472-20220215,backreef,POC_472_LAG_20220215_1.vsi,Pocillopora,February,22,3.6529,microns,NA,NA,NA,NA,,
POC-472-20220315,backreef,POC_472_LAG_20220315_2.vsi,Pocillopora,March,22,3.6529,microns,NA,NA,NA,NA,,
POC-472-20220414,backreef,POC_472_LAG_20220215_1.vsi,Pocillopora,April,22,3.6529,microns,NA,NA,NA,NA,,
POC-472-20220515,backreef,POC_472_LAG_20220515_2.vsi,Pocillopora,May,22,3.6529,microns,NA,NA,NA,NA,,
POC-472-20220616,backreef,POC_472_LAG_20220616_2.vsi,Pocillopora,June,22,3.6529,microns,NA,NA,NA,NA,,
POC-472-20220727,backreef,POC_472_LAG_20220727_2.vsi,Pocillopora,July,22,3.6529,microns,NA,NA,NA,NA,,
POC-472-20220811,backreef,POC_472_LAG_20220811_1_01.vsi,Pocillopora,August,22,3.6529,microns,female,1,9.183,7.579,,
POC-472-20220811,backreef,POC_472_LAG_20220811_1_01.vsi,Pocillopora,August,22,3.6529,microns,female,1,7.974,7.302,,
POC-472-20220811,backreef,POC_472_LAG_20220811_1_01.vsi,Pocillopora,August,22,3.6529,microns,female,1,8.277,6.94,,
POC-472-20220811,backreef,POC_472_LAG_20220811_1_01.vsi,Pocillopora,August,22,3.6529,microns,female,2,26.503,18.13,,
POC-472-20220811,backreef,POC_472_LAG_20220811_1_01.vsi,Pocillopora,August,22,3.6529,microns,female,2,30.87,24.4,,
POC-472-20220811,backreef,POC_472_LAG_20220811_1_01.vsi,Pocillopora,August,22,3.6529,microns,female,2,20.58,13.514,,
POC-472-20220917,backreef,POC_472_LAG_20220917_1.vsi,Pocillopora,September,22,3.6529,microns,NA,NA,NA,NA,,
POC-472-20221015,backreef,POC_472_LAG_20221015_2.vsi,Pocillopora,October,22,3.6529,microns,female,3,32.855,32.295,,
POC-472-20221015,backreef,POC_472_LAG_20221015_2.vsi,Pocillopora,October,22,3.6529,microns,female,3,34.599,20.648,,
POC-472-20221015,backreef,POC_472_LAG_20221015_2.vsi,Pocillopora,October,22,3.6529,microns,female,3,36.008,16.402,,
POC-472-20221111,backreef,POC_472_LAG_20221113_2.vsi,Pocillopora,November,14,3.6529,microns,female,2,26.73,19.112,,
POC-472-20221111,backreef,POC_472_LAG_20221113_2.vsi,Pocillopora,November,14,3.6529,microns,female,2,23.454,19.445,,
POC-472-20221111,backreef,POC_472_LAG_20221113_2.vsi,Pocillopora,November,14,3.6529,microns,female,2,31.657,25.609,,
POC-472-20221111,backreef,POC_472_LAG_20221113_2.vsi,Pocillopora,November,14,3.6529,microns,female,3,62.157,50.07,,
POC-472-20221111,backreef,POC_472_LAG_20221113_2.vsi,Pocillopora,November,14,3.6529,microns,female,3,62.312,48.221,,
POC-472-20221111,backreef,POC_472_LAG_20221113_2.vsi,Pocillopora,November,14,3.6529,microns,female,3,79.407,66.267,,
POC-472-20221111,backreef,POC_472_LAG_20221113_2.vsi,Pocillopora,November,14,3.6529,microns,female,4,92.748,53.656,,
POC-472-20221111,backreef,POC_472_LAG_20221113_2.vsi,Pocillopora,November,14,3.6529,microns,male,2,118.527,72.513,,
POC-472-20221111,backreef,POC_472_LAG_20221113_2.vsi,Pocillopora,November,14,3.6529,microns,male,2,144.769,55.032,,
POC-472-20221111,backreef,POC_472_LAG_20221113_2.vsi,Pocillopora,November,14,3.6529,microns,male,2,145.229,45.022,,
POC-472-20221111,backreef,POC_472_LAG_20221113_2.vsi,Pocillopora,November,14,3.6529,microns,male,3,216.36,52.856,,
POC-472-20221111,backreef,POC_472_LAG_20221113_2.vsi,Pocillopora,November,14,3.6529,microns,male,3,179.146,56.412,,
POC-472-20221111,backreef,POC_472_LAG_20221113_2.vsi,Pocillopora,November,14,3.6529,microns,male,3,182.552,113.312,,